produit,image,vendeur,prix
Détails sur   Oxymètre de pouls Bout des doigts sang oxygène SPO2 - Médical et santé Cardiaque,https://i.ebayimg.com/images/g/-YEAAOSwiuRfoqDv/s-l300.jpg,famnom_52,24.99 
Détails sur   Oxymètre de Pouls Saturomètre Pulsomètre Doigt Mesure de CO2 du Sang,https://i.ebayimg.com/images/g/0ngAAOSwt2dfvi75/s-l300.png,printer-3d,13.99 
Détails sur   Oxymètre de Pouls Saturomètre Pulsomètre Doigt Mesure Gaz du Sang Sp02 Moniteur,https://i.ebayimg.com/images/g/CboAAOSwNDNfviNA/s-l300.jpg,titoshop95,16.99 /pièce
Détails sur   Oxymètre de pouls Bout des doigts sang oxygène SPO2 - Médical et santé Cardiaque,https://i.ebayimg.com/images/g/z70AAOSw2gBflWVC/s-l300.jpg,famnom_52,16.99 
Détails sur   Qumox Oxymètre de pouls digital saturomètre pulsomètre mesure doigt Noir,https://i.ebayimg.com/images/g/11sAAOSw-rVfvw7T/s-l300.jpg,nsw-act,14.99 
Détails sur   Oxymètre de Pouls SPO2 Tensiomètre Doigt Fiable Médicale Saturation Oxygène FR,https://i.ebayimg.com/images/g/8CkAAOSwgmBf3VtM/s-l300.jpg,vahe2310,19.90 
Détails sur   Oxymètre Pouls Saturomètre Pulsomètre Doigt Mesure Gaz De Sang spo2 Moniteur,https://i.ebayimg.com/images/g/TuAAAOSwGbFf2LFa/s-l300.jpg,waner-store,17.90 
Détails sur   Oxymètre de Pouls Saturomètre Pulsomètre Doigt Mesure de Gaz du Sang Moniteur,https://i.ebayimg.com/images/g/-1EAAOSwRVJftNb8/s-l300.jpg,ty-naj,8.99 
Détails sur   ❥ Oxymètre de pouls Digital Pulsomètre des doigts Saturomètre Sp02 Moniteur FR,https://i.ebayimg.com/images/g/frIAAOSw5T5f0yRN/s-l300.jpg,bajafr_2,14.88 /pièce
Détails sur   Moniteur oxygène sanguin oxymètre pouls OLED doigt Saturation SpO2 doigt SH,https://i.ebayimg.com/images/g/RwcAAOSw0xBfvcX-/s-l300.jpg,style_sh,8.69 /pièce
Détails sur   Oxymètre de pouls + Thermomètre sang oxygène SPO2 - Médical et santé Cardiaque,https://i.ebayimg.com/images/g/N~sAAOSwW~hfsDEP/s-l300.jpg,famnom_52,25.99 
Détails sur   Oxymètre de pouls digital saturomètre pulsomètre mesure doigt SpO2 PR Moniteur,https://i.ebayimg.com/images/g/e8IAAOSwLlBfk-rv/s-l300.jpg,uk_fred_r,8.79 
Détails sur   Oxymètre Saturomètre Professionnel de doigt YONKER YK-80A certifié CE,https://i.ebayimg.com/images/g/veQAAOSwcbhfoonY/s-l300.jpg,isom-52,24.90 /pièce
Détails sur   Oxymètre de pouls digital saturomètre pulsomètre mesure doigt SpO2 PR Moniteur,https://i.ebayimg.com/images/g/jlgAAOSw8fpfcq2l/s-l300.png,pingzhiya,7.29 /pièce
Détails sur   Oxymètre De Pouls Digital Saturomètre Doigt Mesure Médical Pulsomètre Moniteur,https://i.ebayimg.com/images/g/IDsAAOSwLYVfu2oj/s-l300.jpg,becoody,5.99 
Détails sur   Oxymètre de pouls Connecté Doigt Sang oxygène SPO2 - Médical & santé Cardiaque,https://i.ebayimg.com/images/g/4JIAAOSw9TRfv4Gq/s-l300.jpg,famnom_52,32.99 
Détails sur   Oxymètre de pouls Pulsomètre Saturomètre Doigt Mesure Gaz Du Sang Cardiaque SPO2,https://i.ebayimg.com/images/g/LgEAAOSwOD1fQTVH/s-l300.jpg,rachoumar,19.97 
Détails sur   bout des doigts oxymètre de pouls Oxygène du sang SpO2 Moniteur cardiaque compte,https://i.ebayimg.com/images/g/pF0AAOSw2iNfOopz/s-l300.jpg,bontuyaudunet,9.99 
Détails sur   Thermomètre infrarouge sans contact + Oxymètre de Pouls ,https://i.ebayimg.com/images/g/ezMAAOSwzoJfjsLv/s-l300.jpg,oxi*jen,21.90 
Détails sur   Oxymètre de pouls digital saturomètre pulsomètre mesure doigt PR SpO2 Moniteur,https://i.ebayimg.com/images/g/6CcAAOSwyCpfq4PI/s-l300.jpg,uk_chloe_o,1.05 
Détails sur   Oxymètre De Pouls Digital Portable Mesure Doigt SpO2 PR Moniteur.,https://i.ebayimg.com/images/g/GngAAOSwIlhfqW6q/s-l300.png,loyal_shops,18.49 
Détails sur   Oxymètre de pouls digital saturomètre pulsomètre mesure doigt PR SpO2 Moniteur,https://i.ebayimg.com/images/g/8fYAAOSwLndfoS~5/s-l300.jpg,uk_lily_yy,8.59 
Détails sur   Oxymètre de Pouls Saturomètre Pulsomètre Doigt Mesure Gaz du Sang Sp02 Moniteur,https://i.ebayimg.com/images/g/SKUAAOSwwVZfoRRv/s-l300.jpg,uk_chloe_o,1.29 
Détails sur   Oxymètre de Pouls Bout des doigts oxygène sang fréquence respiratoire cardiaque,https://i.ebayimg.com/images/g/mNwAAOSw~gVf08ZY/s-l300.jpg,cdiscount-pro,15.99 
Détails sur   Oxymètre de pouls Bout des doigts sang oxygène SPO2 Médical Santé Cardiaque,https://i.ebayimg.com/images/g/GSgAAOSwhadfrZkJ/s-l300.jpg,emmapeti,27.88 /pièce
Détails sur   Oxymètre de Pouls Saturomètre Pulsomètre Doigt Mesure Gaz du Sang Sp02 Moniteur,https://i.ebayimg.com/images/g/aW0AAOSw9wVf0Pwu/s-l300.jpg,mad15max,11.99 
Détails sur   Oxymètre de Pouls Saturomètre Pulsomètre Doigt Mesure Gaz du Sang Sp02 Moniteur,https://i.ebayimg.com/images/g/UXMAAOSw0t9fnlza/s-l300.jpg,ty-naj,12.99 
Détails sur   Oxymètre de pouls digital saturomètre pulsomètre mesure doigt SpO2 PR Moniteur,https://i.ebayimg.com/images/g/-xMAAOSwiA5fl9Qu/s-l300.jpg,vi-fashiondd,1.00 
Détails sur   Oxymètre de pouls pour doigts sang oxygène SPO2 - Médical et santé Cardiaque,https://i.ebayimg.com/images/g/daoAAOSwRodf0Psd/s-l300.jpg,famnom_52,15.99 
Détails sur   Oxymètre de Pouls Saturomètre Pulsomètre Doigt Mesure de Gaz du Sang Moniteur,https://i.ebayimg.com/images/g/JPMAAOSwyCpfnmpN/s-l300.jpg,ty-naj,17.99 /pièce
Détails sur   Oxymètre De Polls Saturomètre Pulsomètre Doit Measure Gaz Do Sang Sp02 Moniteur,https://i.ebayimg.com/images/g/W10AAOSw8FVfn6J5/s-l300.jpg,celina_ac,8.55 
Détails sur   Oxymètre de Pouls Saturomètre Pulsomètre Doigt Mesure Gaz du Sang Sp02 Moniteur,https://i.ebayimg.com/images/g/aW0AAOSw9wVf0Pwu/s-l300.jpg,mad15max,10.00 
Détails sur   Oxymètre de pouls sang oxygène saturomètre SPO2 médical pulsomètre mesure doigt ,https://i.ebayimg.com/images/g/iMQAAOSwLAtfvXRP/s-l300.jpg,vahe2310,18.80 
Détails sur   Oxymètre de Pouls Saturomètre Pulsomètre Doigt Mesure de Gaz du Sang Moniteur FR,https://i.ebayimg.com/images/g/4KUAAOSwthtfx7Jz/s-l300.png,shoppy-france_75,17.90 /pièce
Détails sur   Thermometre Infarouge Frontal + Oxymetre Pouls Spo2 Oxygene Cardiaque Sanguin,https://i.ebayimg.com/images/g/QKwAAOSw-Upfx7S~/s-l300.png,shoppy-france_75,29.90 /pièce
Détails sur   Oxymètre de pouls Bout des Doigt Sang oxygène SPO2 - Médical & santé Cardiaque,https://i.ebayimg.com/images/g/ev0AAOSwUk5fv4Ki/s-l300.jpg,famnom_52,23.99 
Détails sur   Oxymètre de Doigt Pouls Mesure Taux Oxygène Sanguin Battement Cardiaque Santé FR,https://i.ebayimg.com/images/g/iD0AAOSwKIhf0fVK/s-l300.jpg,objetpratique,14.99 
Détails sur   Oxymètre de pouls digital saturomètre pulsomètre mesure fréquence cardiaque 1,https://i.ebayimg.com/images/g/oA0AAOSw27dflwrR/s-l300.jpg,natura_win,12.99 
Détails sur   Accueil Mini Oxymètre de pouls digital saturomètre pulsomètre mesure I1K2,https://i.ebayimg.com/images/g/4cgAAOSwv7xfomKt/s-l300.jpg,becoody,7.39 
Détails sur   Oxymètre de pouls Bout des doigts sang oxygène SPO2 - Médical et santé Cardiaque,https://i.ebayimg.com/images/g/4voAAOSwRk5fsvU7/s-l300.jpg,beyac51,19.90 
Détails sur   Oxymètre de pouls Beurer PO 30 NEUF,https://i.ebayimg.com/images/g/zaAAAOSw-CVfvDd8/s-l300.png,patapontheking,35.00 
Détails sur   Oxymètre de pouls digital saturomètre pulsomètre mesure fréquence cardiaque ,https://i.ebayimg.com/images/g/oA0AAOSw27dflwrR/s-l300.jpg,natura_win,12.99 
Détails sur   Oxymètre de Doigt Pouls Numérique avec de Fréquence Cardiaque Capteur d'Oxygène ,https://i.ebayimg.com/images/g/OJIAAOSwNDVfnmaD/s-l300.jpg,ty-naj,16.98 /pièce
Détails sur   Oxymètre de pouls pediatrique oxymetre USB oxymetre enfant  oximetre adulte,https://i.ebayimg.com/images/g/SeIAAOSwB65f0iOX/s-l300.jpg,kgb_57,42.00 
Détails sur   Digital Oxymètre de pouls saturomètre pulsomètre mesure doigt Moniteur L9D9,https://i.ebayimg.com/images/g/NPoAAOSwOQpfolun/s-l300.jpg,becoody,6.39 /pièce
Détails sur   oxymetre de pouls Oxymétre pulsoximeter Saturomètre Saturatiemeter Oksimetr,https://i.ebayimg.com/images/g/kfgAAOSwxp1fo70y/s-l300.jpg,sercesergun,17.90 
Détails sur   Oxymètre  de Saturation d'oxygène de sang d'oxymètre de pouls de doigt SPO2 PR,https://i.ebayimg.com/images/g/gO0AAOSwktpf0NiQ/s-l300.jpg,mhartisanat,6.99 
Détails sur   OXYMETRE DE POULS de doigt Numérique Pro Mesure SpO2 SATUROMETRE KDO PILE FOURNI,https://i.ebayimg.com/images/g/88YAAOSwdD5e4W81/s-l300.jpg,discountcoco,29.99 
Détails sur   Oxymètre Mesure Pouls Saturomètre Pulsomètre Digital Doigt Spo2 Cardiaque Sang,https://i.ebayimg.com/images/g/CP8AAOSwP4NftCbT/s-l300.jpg,thefrenchdeals,12.99 
Détails sur   Oxymètre de Doigts Numérique Professionnel Compteur de Pouls + Oxygène du Sang,https://i.ebayimg.com/images/g/fokAAOSw-AdftCJE/s-l300.jpg,healthinsider2,11.99 /pièce
Détails sur   Oxymètre de pouls compact digital CMS50DL1,https://i.ebayimg.com/images/g/K8YAAOSwVTVf16a-/s-l300.jpg,chrisreb_85,16.50 
Détails sur   Oxymètre de pouls digital saturomètre pulsomètre mesure doigt SpO2 PR Moniteur,https://i.ebayimg.com/images/g/kRMAAOSwYL1fYD3h/s-l300.jpg,parfumcollectionpriveeblackeditio...,19.50 /pièce
Détails sur   Oxymètre de Pouls Saturomètre Pulsomètre Doigt Mesure Gaz du Sang Sp02 Moniteur,https://i.ebayimg.com/images/g/aW0AAOSw9wVf0Pwu/s-l300.jpg,mad15max,9.00 
Détails sur   Oxymètre de pouls Bout des doigts sang oxygène SPO2 - Médical et santé Cardiaque,https://i.ebayimg.com/images/g/CyoAAOSwk8pfrrcj/s-l300.jpg,famnom_52,18.99 
Détails sur   RENPHO - Oxymètre de Doigt Mesure du Pouls avec Moniteur de Fréquence Cardiaque ,https://i.ebayimg.com/images/g/wx4AAOSwgPtfu7Z7/s-l300.jpg,achat-discount,29.90 
Détails sur   Oxymètre de pouls - Oximeter taux saturation oxygène sang SpO2 - BPM cardiaque,https://i.ebayimg.com/images/g/mKMAAOSwS0tesocl/s-l300.jpg,djghostmixr,49.50 
Détails sur   Oxymètre Portable Doigt Oxygène Sanguin Moniteur Frequence Cardiaque,https://i.ebayimg.com/images/g/uAMAAOSw9IZfnqlk/s-l300.jpg,mokka_store,18.99 
Détails sur   HYLOGY Oxymètre de pouls Moniteur de saturation en oxygène dans le sang avec sac,https://i.ebayimg.com/images/g/OYwAAOSwIP9fcNSu/s-l300.jpg,metanoia-and-life,44.90 
Détails sur   Oxymetre Doigt Professionnel Pouls Electronique Numerique Frequence Cardiaque,https://i.ebayimg.com/images/g/ZA8AAOSwpE5f13-u/s-l300.png,chill_shopping,35.99 
Détails sur   Oxymètre de Pouls Électronique Numérique avec Moniteur de Fréquence Cardiaque,https://i.ebayimg.com/images/g/XWEAAOSwWSxfzKWz/s-l300.jpg,foxliner-store,41.00 
Détails sur   Oxymètre de Pouls Oxymètre de doigt Numérique Professionnel pour Mesurer SpO2 ,https://i.ebayimg.com/images/g/jtsAAOSwuXNfy84t/s-l300.jpg,digital-prime,41.99 
Détails sur   Oxymètre de pouls Bout des doigts sang oxygène SPO2 - Médical et santé Cardiaque,https://i.ebayimg.com/images/g/6P8AAOSwZ05fqtfY/s-l300.jpg,famnom_52,19.99 
Détails sur   Oxymètre de pouls Bout des doigts sang oxygène moniteur de fréquence Cardiaque ,https://i.ebayimg.com/images/g/HLoAAOSw5EFftSYk/s-l300.png,mr.shop.69,21.90 
Détails sur   OXYMETRE SATUROMETRE POULS METRE ECG OXYMETER OM3 CMS50N1,https://i.ebayimg.com/images/g/I4MAAOSwjQtejBV2/s-l300.jpg,medicalshop2009,12.99 
Détails sur   Mini oxymètre de pouls du bout des doigts moniteur de saturation en oxygène C6Y9,https://i.ebayimg.com/images/g/OJUAAOSwyJlfzxUy/s-l300.jpg,anselfhome,6.24 /pièce
Détails sur   Oxymètre de pouls & Thermomètre sang oxygène SPO2 - Médical & santé Cardiaque,https://i.ebayimg.com/images/g/lEMAAOSwHK1fy5H5/s-l300.jpg,famnom_52,19.99 
Détails sur   Oxymètre de pouls doigt en oxygène du sang -FRANCE- TOP qualité,https://i.ebayimg.com/images/g/3T0AAOSwLSxe67Oc/s-l300.png,stellamarket_paris,35.90 
Détails sur   Oxymetre de Pouls Doigt Oxygene Cardiaque Sanguin Saturometre Pulsometre SpO2 FR,https://i.ebayimg.com/images/g/HpkAAOSwcXRfNmFS/s-l300.jpg,creationdream,28.99 
Détails sur   Oxymètre de Pouls Portable Pulsomètre Saturomètre OLED Haute qualité Neuf,https://i.ebayimg.com/images/g/BuwAAOSwVJJfvVgZ/s-l300.png,bri-et-associes,18.40 
Détails sur   Oxymètre de Pouls Saturomètre Pulsomètre Doigt Mesure de CO2 du Sang,https://i.ebayimg.com/images/g/ebcAAOSw5QNfum2T/s-l300.jpg,best-deals_7,13.99 
Détails sur   Oxymètre de pouls Saturation de l'oxygène dans le sang fréquence cardiaque,https://i.ebayimg.com/images/g/HlQAAOSwZ5VfvC1b/s-l300.jpg,francepremier,19.99 
Détails sur   Oxymètre de sang doigt Oxymètre de pouls + 10 masques,https://i.ebayimg.com/images/g/BsQAAOSwDaVf15vN/s-l300.jpg,hz_store,14.90 
Détails sur   Oxymètre Pouls Fréquence Cardiaque Saturation Oxygène Doigt Numérique,https://i.ebayimg.com/images/g/744AAOSwwyVf1fA6/s-l300.jpg,mokka_store,20.71 
Détails sur   Oxymètre de pouls digital saturomètre pulsomètre mesure doigt SpO2 PR Moniteur,https://i.ebayimg.com/images/g/UCUAAOSwa6Jft8oA/s-l300.jpg,del9_87,24.99 
Détails sur   MomMed Oxymètre Oxymètre de Pouls Digital avec Alarme | Lectures précises SpO2,https://i.ebayimg.com/images/g/r3UAAOSwl3xf1piF/s-l300.png,boutique124,39.99 
Détails sur   Oxymètre  Pouls Pro Électronique Numérique Instantanée Capteur d'Oxygène,https://i.ebayimg.com/images/g/JjkAAOSwh9Je4Sum/s-l300.jpg,amazing-msyl,33.85 
Détails sur   Oxymètre Infrarouge de SpO2 D'oxygène de Sang de Pouls Digital Du Bout de Doigt,https://i.ebayimg.com/images/g/~8oAAOSwx8pftNJE/s-l300.jpg,ty-naj,19.99 
Détails sur   Oxymètre de Pouls Oxymètre de doigt  Certifié CE,https://i.ebayimg.com/images/g/6kgAAOSwVgdf0888/s-l300.jpg,baby-mom-shop,19.99 /pièce
Détails sur   Oxymètre de pouls Professionnel pour Mesurer SpO2 Affichage LCD Rotatif à 360°,https://i.ebayimg.com/images/g/Qq4AAOSwcbhf2kEH/s-l300.jpg,cadymarket,18.54 
Détails sur   Oxymètre de pouls Pointe du doigt SPO2 Capteur PR capteur cardiaque,https://i.ebayimg.com/images/g/VbMAAOSw3vpeS18O/s-l300.jpg,happybid2015,12.99 
Détails sur   Oxymètre de pouls doigt saturation en oxygène du sang -FRANCE- TOP qualité,https://i.ebayimg.com/images/g/a9EAAOSwS4hezsX1/s-l300.jpg,stellamarket_paris,35.90 
Détails sur   Oxymètre de Doigt Numérique Professionnel Goeco Oxymètre de Pouls Électronique ,https://i.ebayimg.com/images/g/RxEAAOSwy8Vfy84r/s-l300.jpg,digital-prime,27.41 
Détails sur   Oxymètre de Pouls Oxymètre de Doigt Professionnel Numérique BPM Adultes Enfants,https://i.ebayimg.com/images/g/3vwAAOSwPD1fcf0G/s-l300.png,dorianrclboutique,21.89 
Détails sur   Oxymètre de pouls digital saturomètre pulsomètre mesure doigt SpO2 PR Moniteur,https://i.ebayimg.com/images/g/GHIAAOSwAx1fR-lb/s-l300.jpg,hervspessott0,24.90 
Détails sur   Oxymétre de pouls,https://i.ebayimg.com/images/g/2DwAAOSwRYZfsQc3/s-l300.jpg,eurlpromosecours,24.00 /pièce
Détails sur   Oxymètre de pouls Oled  mesure oxygène dans le sang,https://i.ebayimg.com/images/g/ljoAAOSwDnpfwzuf/s-l300.jpg,ukselling15,15.00 
Détails sur   Oxymètre Doigt Numérique Professionnel Pouls Électronique Moniteur Cardiaque,https://i.ebayimg.com/images/g/XsQAAOSw1bJesa2t/s-l300.jpg,newanichic,49.00 
Détails sur   Oxymètre de Doigt Professionnel Moniteur de Fréquence Cardiaque-Capteur d'Oxygèn,https://i.ebayimg.com/images/g/BjgAAOSwT65fkEzz/s-l300.jpg,claire-official,34.90 
Détails sur   Oxymetre Poul Saturometre Doigt Professionnel Pulsometre Cardiaque Moniteur SpO2,https://i.ebayimg.com/images/g/DU4AAOSwFGxfeyDA/s-l300.jpg,positifshop,36.39 
Détails sur   oxymetre de pouls air santé,https://i.ebayimg.com/images/g/slkAAOSwi9Zfnu6~/s-l300.jpg,loui-lcare,18.00 
Détails sur   Oxymètre de Pouls Digital Saturomètre Pulsomètre Mesure Santé SpO2 PR Moniteur  ,https://i.ebayimg.com/images/g/am0AAOSwqPdfxr~6/s-l300.png,lokaboutik,17.97 
Détails sur   Oxymètre de pouls doigt OLED AFK YK009 noir 2 BPM,https://i.ebayimg.com/images/g/NWsAAOSwB65fvU9e/s-l300.jpg,euroelectronics_fra,14.11 
Détails sur   tensiomètre oxymètre de pouls thermomètre infrarouge,https://i.ebayimg.com/images/g/PC8AAOSwMXdfql4H/s-l300.jpg,v.anthony38,24.00 
Détails sur   Oxymètre Moniteur Doigt Professionnel Saturation Digital Adultes Enfants SPO2,https://i.ebayimg.com/images/g/NG0AAOSwHktfUmML/s-l300.jpg,lima_prostore,34.49 
Détails sur   Oxymetre Saturometre Pouls Doigt Frequence Cardiaque Professionnel Electronique ,https://i.ebayimg.com/images/g/vfQAAOSw27dfmiT8/s-l300.jpg,le-shop-francais,25.90 
Détails sur   Oxymètre de Pouls Professionnel Doigt Saturometre Moniteur Fréquence Cardiaque,https://i.ebayimg.com/images/g/nV0AAOSwT~lf0dqS/s-l300.jpg,promoexpress058,38.81 
Détails sur   Moniteur patient fréquence cardiaque SPO2 saturation en oxygène sanguin oxymè DE,https://i.ebayimg.com/images/g/5ZAAAOSwRylfUh8V/s-l300.jpg,dediahjacob,8.99 /pièce
Détails sur   oxymetre de pouls Oxymétre pulsoximeter Saturomètre Saturatiemeter Oksimetr,https://i.ebayimg.com/images/g/ivEAAOSw8JRfxXjt/s-l300.jpg,sercesergun,19.90 
Détails sur   Oxymetre Pouls Doigt Pulsometre Portable Oxygene Cardiaque Sanguin Saturometre,https://i.ebayimg.com/images/g/EAEAAOSwz~BfCKk9/s-l300.jpg,drzshop,35.00 
Détails sur   Oxymètre de pouls à doigt SPO2 PR Pulsioximetro,https://i.ebayimg.com/images/g/sjkAAOSwxF5fvRlo/s-l300.jpg,direct-shop-fr,29.95 
Détails sur   Oxymetre de Pouls Doigt Oxygene Cardiaque Sanguin Saturometre Pulsometre SpO2 F,https://i.ebayimg.com/images/g/TIQAAOSwbK5fmdv0/s-l300.jpg,creationdream,44.99 
Détails sur   CE&FDA oxymètre de poulsSPO2 Pulse Oximeterbout du doigt MonitorCMS50MCONTEC,https://i.ebayimg.com/images/g/rkMAAOSwTpped0t5/s-l300.jpg,conteceshop,11.99 
Détails sur   Oxymètre de pouls Bout des doigts sang oxygène SPO2 - Médical et santé Cardiaque,https://i.ebayimg.com/images/g/biEAAOSwhlBftTga/s-l300.jpg,famnom_52,21.99 
Détails sur   OXYMETRE SATUROMETRE POULS METRE ECG OXYMETER CAS gratuite + HOUSSE,https://i.ebayimg.com/images/g/vfUAAOSwZwld7OV6/s-l300.jpg,medicalshop2009,11.99 
Détails sur   Oxymètre de pouls digital saturomètre pulsomètre mesure doigt PR SpO2 Moniteur,https://i.ebayimg.com/images/g/0bwAAOSwS15fqluF/s-l300.jpg,mr-moonnde,6.79 
Détails sur   Oxymetre Pouls Pulsometre Portable Ecran Couleur Utilisation Simple Precis Leger,https://i.ebayimg.com/images/g/bzUAAOSwv2ZfLc4A/s-l300.jpg,logismoshop,26.15 
Détails sur   Oxymètre portable oxymètre de pouls du bout des doigts oxymètre de pouls,https://i.ebayimg.com/images/g/lvgAAOSwO-Jf14ZE/s-l300.jpg,hz_store,10.90 /pièce
Détails sur   Oxymètre de pouls digital saturomètre pulsomètre mesure doigt OLED,https://i.ebayimg.com/images/g/oKoAAOSwx8Nf0fJW/s-l300.jpg,nsw-act,12.99 
Détails sur   Oxymètre de pouls digital saturomètre pulsomètre mesure fréquence cardiaque,https://i.ebayimg.com/images/g/UvEAAOSwq69fqUFB/s-l300.png,vive190611,7.39 
Détails sur   Oxymetre Utilisation Doigt Professionnel Oxymetre Pouls Electronique Numerique,https://i.ebayimg.com/images/g/-NkAAOSwPzVfx~pw/s-l300.png,goudbusiness,38.99 
Détails sur   Oxymètre doigt - Mesure taux saturation d'oxygène sang SpO2 + poul BPM cardiaque,https://i.ebayimg.com/images/g/mKMAAOSwS0tesocl/s-l300.jpg,djghostmixr,49.50 
Détails sur   oxymètre impulsion doigt Moniteur fréquence cardiaque saturation d'oxygène sang,https://i.ebayimg.com/images/g/fOUAAOSwWVxewVRX/s-l300.jpg,ventesdiscount,43.11 
Détails sur   Oxymètre portatif Oxymètre de pouls Oxymètre de pouls Oxymètre,https://i.ebayimg.com/images/g/JTYAAOSw31Jf155Y/s-l300.jpg,hz_store,11.90 
Détails sur   Oxymètre de pouls saturation d'oxygène,https://i.ebayimg.com/images/g/QzAAAOSwKwZfzlMf/s-l300.png,ecodiz_22,16.90 
Détails sur   Mini oxymètre de pouls du bout des doigts moniteur de saturation en oxygène U9U0,https://i.ebayimg.com/images/g/E9YAAOSwDaVfzw9j/s-l300.jpg,anselfhome,5.62 /pièce
Détails sur   Oxymètre de pouls digital saturomètre pulsomètre mesure doigt SpO2 PR Moniteur,https://i.ebayimg.com/images/g/dMQAAOSwZ-9fnOvj/s-l300.jpg,vg-fashionbb,7.56 
Détails sur   Oxymetre Pouls Enfants Adultes Ecran LED Saturation Oxygene Sanguin Doigt Test,https://i.ebayimg.com/images/g/a9kAAOSwvxNfBi~1/s-l300.jpg,irevashop,39.99 
Détails sur   Oxymètre portable oxymètre de pouls du bout des doigts oxymètre de pouls 10...,https://i.ebayimg.com/images/g/xT8AAOSw5Dlf11m~/s-l300.jpg,hz_store,99.90 
Détails sur   Oxymètre de pouls digital pulsomètre mesure doigt Saturation Oxygène Sang rapide,https://i.ebayimg.com/images/g/lEYAAOSwPRFfsABp/s-l300.jpg,toutpourvous77,18.99 
Détails sur   Oxymètre de pouls digital saturomètre pulsomètre mesure doigt SpO2 PR Moniteur F,https://i.ebayimg.com/images/g/2yEAAOSwHHxfk-5y/s-l300.jpg,uk_felicia_e,8.49 
Détails sur   Oxymètre de pouls digital saturomètre pulsomètre mesure doigt SpO2 PR MoniteurFR,https://i.ebayimg.com/images/g/SB4AAOSwy11fskYW/s-l300.jpg,dione_zs,2.99 
Détails sur   Oxymètre de pouls digital saturomètre pulsomètre mesure doigt SpO2 PR Moniteur,https://i.ebayimg.com/images/g/w7kAAOSwzOJfhpaG/s-l300.jpg,qu_523,2.19 
Détails sur   Oxymètre de pouls digital saturomètre pulsomètre mesure doigt SpO2 PR Moniteur,https://i.ebayimg.com/images/g/sB8AAOSwp7desQkW/s-l300.jpg,top-john,11.39 
Détails sur   Mini oxymètre de pouls du bout des doigts moniteur de saturation en oxygène I2D9,https://i.ebayimg.com/images/g/FFMAAOSwf8Nfzw8w/s-l300.jpg,anselfhome,5.63 /pièce
Détails sur   Moniteur de fréquence cardiaque SpO2 sanguin oxymètre de pouls tests,https://i.ebayimg.com/images/g/jewAAOSwq3heu4qU/s-l300.jpg,efind0813,20.58 
Détails sur   OLED Oxymètre de Pouls OLED Oxymètre Oxygène du Sang Moniteur SPO2 Pulse Meter,https://i.ebayimg.com/images/g/BAkAAOSw42NfrktN/s-l300.jpg,qiangr0902,7.49 
Détails sur   Oxymètre de Doigt Professionnel AGPTEK Oxymètre de Pouls Électronique Numérique,https://i.ebayimg.com/images/g/YEMAAOSw8FVfvTzs/s-l300.png,myinstantshop,36.99 
Détails sur   Bracelet OLED oxymètre de pouls quotidienne et passer la nuit SpO2 logiciels,https://i.ebayimg.com/images/g/uOMAAOSwO5lfaUtA/s-l300.jpg,cms_medicalshop,45.00 /pièce
Détails sur   Oxymètre Pouls Doigt Pulsomètre RECHARGEABLE Saturation En Oxygène Sang SPO2 PR@,https://i.ebayimg.com/images/g/zS0AAOSwPntfBDHr/s-l300.jpg,justforyou613,28.34 /pièce
Détails sur   Mini oxymètre de pouls du bout des doigts moniteur de saturation en oxygène H2Y8,https://i.ebayimg.com/images/g/kG0AAOSwXwBfzxRx/s-l300.jpg,anselfhome,5.63 /pièce
Détails sur   Oxymètre Doigt Numérique Professionnel Pouls Électronique Moniteur Cardiaque,https://i.ebayimg.com/images/g/WWUAAOSwWWxesa2c/s-l300.jpg,newanichic,44.00 
Détails sur   Nmérique Oxymètre de pouls digital saturomètre pulsomètre mesure Moniteur V4M4,https://i.ebayimg.com/images/g/TdEAAOSwm1Nfomz3/s-l300.jpg,becoody,5.86 
Détails sur   Oxymètre de Doigt Oxymètre de Pouls avec Moniteur de Fréquence Cardiaque SpO2,https://i.ebayimg.com/images/g/1gkAAOSwMiFes-JC/s-l300.jpg,hupoostore,8.99 
Détails sur   Médical Portable oxymètre de pouls oled pulsioximetro Oxygène sanguin,https://i.ebayimg.com/images/g/3Q8AAOSw6FFexOqp/s-l300.jpg,pprube20151,9.59 
Détails sur   Oxymètre de pouls digital saturomètre pulsomètre mesure doigt SpO2 PR Moniteur,https://i.ebayimg.com/images/g/~R4AAOSw8pFfl-QM/s-l300.jpg,w-abel,1.99 
Détails sur   KafooStore Oxymetre de Doigt - Saturometre - Oxymetre de Pouls - SpO2,https://i.ebayimg.com/images/g/mLoAAOSw-gJf0puD/s-l300.jpg,kafoostorellc,17.99 /pièce
Détails sur   Oxymètre de Pouls Professionnel Numérique Oxibios de Doigt Surveiller Oxygene,https://i.ebayimg.com/images/g/AHgAAOSwVgFfHZ~N/s-l300.jpg,newanichic,49.00 
Détails sur   Oxymètre de Doigt Professionnel AGPTEK Oxymètre de Pouls Fréquence Cardiaque,https://i.ebayimg.com/images/g/pWIAAOSwBdRfgSNf/s-l300.jpg,fast.sheep,25.96 
Détails sur   Oxymètre de pouls calcul du taux d'oxygénation du sang + étui de rangement,https://i.ebayimg.com/images/g/H68AAOSwCwFfpS6Y/s-l300.jpg,monstermarket54,28.00 /pièce
Détails sur   ✅ Oxymètre de Pouls -_-_ saturation oxygène,https://i.ebayimg.com/images/g/YCoAAOSwTtVfy4EK/s-l300.png,amaino_19,10.00 
Détails sur   oxymètre de pouls digital moniteur podomètre spo2 calorie OXYMETRE SATUROMETRE,https://i.ebayimg.com/images/g/E5YAAOSwnhlcF2oS/s-l300.jpg,medicalshop2009,18.00 
Détails sur   2pcs oxymètre cas polyvalent dur du bout des doigts oxymètre de pouls boîte de,https://i.ebayimg.com/images/g/PC8AAOSwpcFfteHw/s-l300.jpg,goodmalldealshop,5.92 /pièce
Détails sur   Oxymètre de pouls saturation Fingertip en oxygène du sang SPO2 PR MonitorHot,https://i.ebayimg.com/images/g/gR4AAOSwepleVInR/s-l300.jpg,conteceshop,12.99 /pièce
Détails sur   Oxymètre Doigt Pouls Électronique Numérique avec Moniteur de Fréquence Cardiaque,https://i.ebayimg.com/images/g/k9UAAOSwnP1evusY/s-l300.jpg,minishoppfr,50.49 
Détails sur   CONTACT MomMed Oxymetre oxymetre de pouls digital avec alarme Lectures precise,https://i.ebayimg.com/images/g/aqAAAOSwmAZe2DrT/s-l300.png,mon-budget-facile,38.02 
Détails sur   Sp02 Moniteur Oxymètre de Pouls Saturomètre Pulsomètre Doigt Mesure Gaz du Sang,https://i.ebayimg.com/images/g/MusAAOSwCxtfn7Wy/s-l300.jpg,cecile_nice,6.19 
Détails sur   Pulox Appareil De Santé Oxymètre De Pouls Fréquence Cardiaque Ecran OLED Neuf Fr,https://i.ebayimg.com/images/g/~~EAAOSwdytfvsdr/s-l300.jpg,casta-shop,52.90 
Détails sur   Oxymetre de Pouls Numérique Professionnel  Lecture Instantanée de Saturation,https://i.ebayimg.com/images/g/McUAAOSwD75fYZ9l/s-l300.png,defi-store,43.47 
Détails sur   oxymètre digital saturation sang  oxygène mesure doigt fréquence cardiaque SpO2,https://i.ebayimg.com/images/g/BNAAAOSwbs5fmoNW/s-l300.jpg,mister-gifts,25.50 
Détails sur   Oxymètre  Pouls Ecran LED AGPTEK  Oxymètre  Doigt Électronique Numérique Cadeau,https://i.ebayimg.com/images/g/VZYAAOSwO1de4qKA/s-l300.jpg,newanichic,55.00 
Détails sur   Oxymètre de pouls USB à écran couleur OLED - Newgen Medicals,https://i.ebayimg.com/images/g/kJYAAOSw88Bc96S0/s-l300.jpg,pearl_fr,55.95 
Détails sur   Oxymètre Saturomètre Mesure Oxygène Fréquence Cardiaque Clip Doigt,https://i.ebayimg.com/images/g/tMIAAOSw0dJftmIW/s-l300.jpg,millevolts,23.43 
Détails sur   Oxymètre de Doigt sans Fil Fréquence cardiaque Saturomètre Pulsiomètre-Pouls,https://i.ebayimg.com/images/g/qrIAAOSwh2RexE0k/s-l300.jpg,marcoloobs11,29.80 /pièce
Détails sur   MomMed Oxymètre oxymètre de pouls digital avec alarme | Lectures précises Sp,https://i.ebayimg.com/images/g/MAMAAOSwLYdfvfdT/s-l300.jpg,goodand34,40.45 
Détails sur   Oxymètre de Doigt Professionnel AGPTEK Oxymètre de Pouls Électronique Numérique,https://i.ebayimg.com/images/g/fLAAAOSwrTBfHZz3/s-l300.jpg,newanichic,45.00 
Détails sur   Oxymetre de Pouls Doigt Oxygene Cardiaque Sanguin Saturometre Pulsometre SpO2 O,https://i.ebayimg.com/images/g/UXwAAOSwDHtfnTJN/s-l300.jpg,creationdream,44.99 
Détails sur   Numérique Doigt Clip Oxymètre de Pouls Cœur Rythme Surveillance Cardiaque Spo3,https://i.ebayimg.com/images/g/K-EAAOSw8Wlf0i6L/s-l300.jpg,codaff_store,23.90 
Détails sur   Oxymètre de pouls digital saturomètre pulsomètre mesure doigt SpO2 PR Moniteur,https://i.ebayimg.com/images/g/b1IAAOSwro1fR-h7/s-l300.jpg,hervspessott0,24.90 
Détails sur   Oxymètre de pouls sang digital saturomètre SPO2 médical pulsomètre mesure 1-5X,https://i.ebayimg.com/images/g/vgsAAOSwfR5ftNx~/s-l300.jpg,carebody003,8.99 
Détails sur   Du bout des doigts oxymètre de pouls SpO2 Moniteur d'oxymétrie,https://i.ebayimg.com/images/g/Z1cAAOSwCexd1Pd-/s-l300.jpg,cms_medicalshop,11.99 
Détails sur   Beurer Oxymètre de Pouls à Bluetooth Saturomètre Pulsomètre Mesure Doigt,https://i.ebayimg.com/images/g/~GkAAOSwIWtf1mSF/s-l300.jpg,formule-express,91.17 
Détails sur   Oxymètre de pouls digital saturomètre pulsomètre mesure doigt SpO2 PR Moniteur,https://i.ebayimg.com/images/g/gOIAAOSwK1xfthdj/s-l300.jpg,a8_tillm-45,6.99 
Détails sur   Nellcor N-550 oxymètre de pouls Moniteur manque le capteur de pouls !! ,https://i.ebayimg.com/images/g/vOcAAOSwZLle1TwA/s-l300.jpg,gouki.93,129.99 
Détails sur   OXYMETRE MESURE TAUX OXYGENE DANS LE SANG - BAROMETRE POUR UN SUIVI AUTONOME,https://i.ebayimg.com/images/g/VI0AAOSwmU5f03BV/s-l300.jpg,sasante_tud3tk,22.00 
Détails sur   HOT CE&FDA du bout des doigts oxymètre de pouls SpO2 pulse oximeter OLED CONTEC,https://i.ebayimg.com/images/g/atMAAOSwRi9ePnUy/s-l300.jpg,medicalshop2009,12.99 
Détails sur   SPO2 Oxymètre poul des doigts Oxygene Cardiaque Sanguin Saturometre Pulsometre,https://i.ebayimg.com/images/g/ppgAAOSwO-Jf0drU/s-l300.png,salahe0609,21.94 
Détails sur   Oxymètre de pouls du bout des doigts CMS50E + logiciel PC + stockage de données,https://i.ebayimg.com/images/g/0UkAAOSwwkZfo61p/s-l300.jpg,cms_medicalshop,45.00 /pièce
Détails sur   1-5X Oxymètre de pouls digital saturomètre pulsomètre mesure doigt SpO2 Moniteur,https://i.ebayimg.com/images/g/9cMAAOSwoP5ftNx~/s-l300.jpg,owillnit015,8.69 
Détails sur   Oxymètre Oxymètre de pouls Pro Comed,https://i.ebayimg.com/images/g/3AkAAOSwo~Bej0Ks/s-l300.jpg,demu.hyg.ziuxde5e,140.00 
Détails sur   Oxymètre de pouls digital saturomètre pulsomètre mesure doigt SpO2 PR Moniteur,https://i.ebayimg.com/images/g/AYcAAOSwIulfg~GS/s-l300.jpg,va-loveuk,7.99 
Détails sur   Moniteur de SpO2 d'oxygène sanguin d'oxymètre de pouls de doigt de 1-5 PCS LED,https://i.ebayimg.com/images/g/XDcAAOSwZ05ftN2y/s-l300.png,uliked021,7.99 
Détails sur   Compteur de saturation d'oxygène de pouls des doigts SPO2 Moniteur de sang PR,https://i.ebayimg.com/images/g/cToAAOSwAf5ff~zz/s-l300.jpg,style_sh,10.29 /pièce
Détails sur   OLED Oxymètre de Pouls OLED Oxymètre Oxygène du Sang Moniteur SPO2 Pulse Meter$,https://i.ebayimg.com/images/g/CPQAAOSwx-9fGO5T/s-l300.jpg,venusian-store,12.91 
Détails sur   COMPTEUR D'OXYGÈNE PORTATIF OXYMÈTRE À OXIMÈTRE OXIMÈTRE SATURIMÈTRE,https://i.ebayimg.com/images/g/1vkAAOSwPzVfvjbb/s-l300.jpg,daisy.store19,24.90 
Détails sur   Moniteur patient fréquence cardiaque SPO2 saturation en oxygène sanguin oxymè LB,https://i.ebayimg.com/images/g/5ZAAAOSwRylfUh8V/s-l300.jpg,lbertstamm,9.19 
